Pipeline,Rate Definition ID,Rate Schedule,Provider Charge Type,Charge Unit,Start Date,End Date,Rate Category,Season,Rec Loc Type,Rec Loc ID,Del Loc Type,Del Loc ID,Rate Type,Rate Unit,Charge Indicator,Rate
GLGT,246718,FT,UTIL,Amount,6/1/2025,,TR,,Zone,WESTERN,Zone,EASTERN,Fixed,,Delivery,0.01176
GLGT,246715,FT,UTIL,Amount,6/1/2025,,TR,,Zone,CENTRAL,Zone,CENTRAL,Fixed,,Delivery,0.00521
GLGT,246714,FT,UTIL,Amount,6/1/2025,,TR,,Zone,EASTERN,Zone,WESTERN,Fixed,,Delivery,0.01176
GLGT,246713,FT,UTIL,Amount,6/1/2025,,TR,,Zone,CENTRAL,Zone,WESTERN,Fixed,,Delivery,0.00952
GLGT,246712,FT,UTIL,Amount,6/1/2025,,TR,,Zone,WESTERN,Zone,WESTERN,Fixed,,Delivery,0.00431
GLGT,246716,FT,UTIL,Amount,6/1/2025,,TR,,Zone,EASTERN,Zone,CENTRAL,Fixed,,Delivery,0.00745
GLGT,246717,FT,UTIL,Amount,6/1/2025,,TR,,Zone,WESTERN,Zone,CENTRAL,Fixed,,Delivery,0.00952
GLGT,246720,FT,UTIL,Amount,6/1/2025,,TR,,Zone,CENTRAL,Zone,EASTERN,Fixed,,Delivery,0.00224
GLGT,246719,FT,UTIL,Amount,6/1/2025,,TR,,Zone,EASTERN,Zone,EASTERN,Fixed,,Delivery,0.00745
GLGT,240513,FT,FUEL,Percent,5/1/2025,,TR,,All,"",All,"",Fixed,,Delivery,0
GLGT,246301,FT,FUEL,Percent,6/1/2025,6/30/2025,TR,,Location,CLOW,Location,WAKEFIELD,Fixed,,Delivery,2.37661
GLGT,246281,FT,FUEL,Percent,6/1/2025,6/30/2025,TR,,Location,FARWELL,Location,GRAND RAPIDS,Fixed,,Delivery,0
GLGT,246294,FT,FUEL,Percent,6/1/2025,6/30/2025,TR,,Location,CARLTON,Location,RATTLE RUN,Fixed,,Delivery,0
GLGT,246396,FT,FUEL,Percent,6/1/2025,6/30/2025,TR,,Location,ST CLAIR,Location,FARWELL,Fixed,,Delivery,0
GLGT,246381,FT,FUEL,Percent,6/1/2025,6/30/2025,TR,,Location,FORTUNE LAKE,Location,EMERSON,Fixed,,Delivery,0.42431
GLGT,246279,FT,FUEL,Percent,6/1/2025,6/30/2025,TR,,Location,EMERSON,Location,GRAND RAPIDS,Fixed,,Delivery,0
GLGT,246398,FT,FUEL,Percent,6/1/2025,6/30/2025,TR,,Location,EMERSON,Location,SAULT STE MARIE,Fixed,,Delivery,0.20256
GLGT,246399,FT,FUEL,Percent,6/1/2025,6/30/2025,TR,,Location,ST CLAIR,Location,SAULT STE MARIE,Fixed,,Delivery,0
GLGT,246211,FT,FUEL,Percent,6/1/2025,6/30/2025,TR,,Location,EMERSON,Location,ST CLAIR,Fixed,,Delivery,0
GLGT,246280,FT,FUEL,Percent,6/1/2025,6/30/2025,TR,,Location,FARWELL,Location,BELLE RIVER MILLS,Fixed,,Delivery,0.20256
GLGT,246400,FT,FUEL,Percent,6/1/2025,6/30/2025,TR,,Location,EMERSON,Location,SAULT STE MARIE,Fixed,,Delivery,0.20256
GLGT,246188,FT,FUEL,Percent,6/1/2025,6/30/2025,TR,,Location,CHIPPEWA,Location,MIDLAND,Fixed,,Delivery,0.86487
GLGT,246350,FT,FUEL,Percent,6/1/2025,6/30/2025,TR,,Location,ST CLAIR,Location,RAPID RIVER,Fixed,,Delivery,0
GLGT,246286,FT,FUEL,Percent,6/1/2025,6/30/2025,TR,,Location,CARLTON,Location,CHIPPEWA,Fixed,,Delivery,0
GLGT,246302,FT,FUEL,Percent,6/1/2025,6/30/2025,TR,,Location,CARLTON,Location,BELLE RIVER MILLS,Fixed,,Delivery,0
GLGT,246194,FT,FUEL,Percent,6/1/2025,6/30/2025,TR,,Location,DEWARD,Location,CARLTON,Fixed,,Delivery,1.51846
GLGT,246224,FT,FUEL,Percent,6/1/2025,6/30/2025,TR,,Location,FARWELL,Location,MIDLAND,Fixed,,Delivery,0
GLGT,246215,FT,FUEL,Percent,6/1/2025,6/30/2025,TR,,Location,FARWELL,Location,CARLTON,Fixed,,Delivery,0
GLGT,246394,FT,FUEL,Percent,6/1/2025,6/30/2025,TR,,Location,CARLTON,Location,FARWELL,Fixed,,Delivery,1.73441
GLGT,246276,FT,FUEL,Percent,6/1/2025,6/30/2025,TR,,Location,CARLTON,Location,BELLE RIVER MILLS,Fixed,,Delivery,0
GLGT,246275,FT,FUEL,Percent,6/1/2025,6/30/2025,TR,,Location,BELLE RIVER MILLS,Location,TRUMBLE ROAD,Fixed,,Delivery,0.20256
GLGT,246395,FT,FUEL,Percent,6/1/2025,6/30/2025,TR,,Location,EMERSON,Location,FARWELL,Fixed,,Delivery,2.37661
GLGT,246277,FT,FUEL,Percent,6/1/2025,6/30/2025,TR,,Location,CARLTON,Location,BELLE RIVER MILLS,Fixed,,Delivery,2.16348
GLGT,246278,FT,FUEL,Percent,6/1/2025,6/30/2025,TR,,Location,EMERSON,Location,BELLE RIVER MILLS,Fixed,,Delivery,2.58882
GLGT,246210,FT,FUEL,Percent,6/1/2025,6/30/2025,TR,,Location,EMERSON,Location,RATTLE RUN,Fixed,,Delivery,0
GLGT,246184,FT,FUEL,Percent,6/1/2025,6/30/2025,TR,,Location,CARLTON,Location,MIDLAND,Fixed,,Delivery,1.73441
GLGT,246256,FT,FUEL,Percent,6/1/2025,6/30/2025,TR,,Location,ST CLAIR,Location,CHIPPEWA,Fixed,,Delivery,0
GLGT,246257,FT,FUEL,Percent,6/1/2025,6/30/2025,TR,,Location,ST CLAIR,Location,CLOW,Fixed,,Delivery,0.86487
GLGT,246404,FT,FUEL,Percent,6/1/2025,6/30/2025,TR,,Location,FARWELL,Location,ST CLAIR,Fixed,,Delivery,0.64508
GLGT,246401,FT,FUEL,Percent,6/1/2025,6/30/2025,TR,,Location,ST CLAIR,Location,SAULT STE MARIE,Fixed,,Delivery,0
GLGT,246255,FT,FUEL,Percent,6/1/2025,6/30/2025,TR,,Location,ST CLAIR,Location,CARLTON,Fixed,,Delivery,0.86487
GLGT,246288,FT,FUEL,Percent,6/1/2025,6/30/2025,TR,,Location,CARLTON,Location,DEWARD,Fixed,,Delivery,0
GLGT,246403,FT,FUEL,Percent,6/1/2025,6/30/2025,TR,,Location,EMERSON,Location,ST CLAIR,Fixed,,Delivery,2.80007
GLGT,246284,FT,FUEL,Percent,6/1/2025,6/30/2025,TR,,Location,ST CLAIR,Location,GRAND RAPIDS,Fixed,,Delivery,0.86487
GLGT,246382,FT,FUEL,Percent,6/1/2025,6/30/2025,TR,,Location,RATTLE RUN,Location,EMERSON,Fixed,,Delivery,0
GLGT,246239,FT,FUEL,Percent,6/1/2025,6/30/2025,TR,,Location,FORTUNE LAKE,Location,MANISTIQUE,Fixed,,Delivery,0
GLGT,246285,FT,FUEL,Percent,6/1/2025,6/30/2025,TR,,Location,CARLTON,Location,BELLE RIVER MILLS,Fixed,,Delivery,0
GLGT,246383,FT,FUEL,Percent,6/1/2025,6/30/2025,TR,,Location,ST CLAIR,Location,EMERSON,Fixed,,Delivery,1.73441
GLGT,246287,FT,FUEL,Percent,6/1/2025,6/30/2025,TR,,Location,CARLTON,Location,CLOW,Fixed,,Delivery,0
GLGT,246402,FT,FUEL,Percent,6/1/2025,6/30/2025,TR,,Location,CARLTON,Location,ST CLAIR,Fixed,,Delivery,2.16348
GLGT,246384,FT,FUEL,Percent,6/1/2025,6/30/2025,TR,,Location,CARLTON,Location,EMERSON,Fixed,,Delivery,0
GLGT,246385,FT,FUEL,Percent,6/1/2025,6/30/2025,TR,,Location,CLOW,Location,EMERSON,Fixed,,Delivery,0
GLGT,246378,FT,FUEL,Percent,6/1/2025,6/30/2025,TR,,Location,CLOW,Location,EMERSON,Fixed,,Delivery,2.16348
GLGT,246212,FT,FUEL,Percent,6/1/2025,6/30/2025,TR,,Location,EMERSON,Location,TRUMBLE ROAD,Fixed,,Delivery,0
GLGT,246213,FT,FUEL,Percent,6/1/2025,6/30/2025,TR,,Location,EMERSON,Location,WAKEFIELD,Fixed,,Delivery,0
GLGT,246190,FT,FUEL,Percent,6/1/2025,6/30/2025,TR,,Location,CLOW,Location,EMERSON,Fixed,,Delivery,0
GLGT,246289,FT,FUEL,Percent,6/1/2025,6/30/2025,TR,,Location,CARLTON,Location,EMERSON,Fixed,,Delivery,0
GLGT,246191,FT,FUEL,Percent,6/1/2025,6/30/2025,TR,,Location,CLOW,Location,FORTUNE LAKE,Fixed,,Delivery,1.51846
GLGT,246189,FT,FUEL,Percent,6/1/2025,6/30/2025,TR,,Location,CLOW,Location,CARLTON,Fixed,,Delivery,0.86487
GLGT,246186,FT,FUEL,Percent,6/1/2025,6/30/2025,TR,,Location,CARLTON,Location,ST CLAIR,Fixed,,Delivery,2.16348
GLGT,246253,FT,FUEL,Percent,6/1/2025,6/30/2025,TR,,Location,RATTLE RUN,Location,TRUMBLE ROAD,Fixed,,Delivery,0
GLGT,246252,FT,FUEL,Percent,6/1/2025,6/30/2025,TR,,Location,RATTLE RUN,Location,ST CLAIR,Fixed,,Delivery,0
GLGT,246218,FT,FUEL,Percent,6/1/2025,6/30/2025,TR,,Location,FARWELL,Location,DEWARD,Fixed,,Delivery,0.42431
GLGT,246282,FT,FUEL,Percent,6/1/2025,6/30/2025,TR,,Location,FORTUNE LAKE,Location,BELLE RIVER MILLS,Fixed,,Delivery,0
GLGT,246185,FT,FUEL,Percent,6/1/2025,6/30/2025,TR,,Location,CARLTON,Location,RATTLE RUN,Fixed,,Delivery,2.16348
GLGT,246379,FT,FUEL,Percent,6/1/2025,6/30/2025,TR,,Location,DEWARD,Location,EMERSON,Fixed,,Delivery,1.73441
GLGT,246187,FT,FUEL,Percent,6/1/2025,6/30/2025,TR,,Location,CARLTON,Location,TRUMBLE ROAD,Fixed,,Delivery,2.16348
GLGT,246192,FT,FUEL,Percent,6/1/2025,6/30/2025,TR,,Location,CLOW,Location,LAMMERS,Fixed,,Delivery,0.42431
GLGT,246283,FT,FUEL,Percent,6/1/2025,6/30/2025,TR,,Location,ST CLAIR,Location,BELLE RIVER MILLS,Fixed,,Delivery,0
GLGT,246392,FT,FUEL,Percent,6/1/2025,6/30/2025,TR,,Location,RATTLE RUN,Location,FARWELL,Fixed,,Delivery,0
GLGT,246391,FT,FUEL,Percent,6/1/2025,6/30/2025,TR,,Location,FORTUNE LAKE,Location,FARWELL,Fixed,,Delivery,1.0837
GLGT,246193,FT,FUEL,Percent,6/1/2025,6/30/2025,TR,,Location,CLOW,Location,WAKEFIELD,Fixed,,Delivery,1.30156
GLGT,246274,FT,FUEL,Percent,6/1/2025,6/30/2025,TR,,Location,BELLE RIVER MILLS,Location,ST CLAIR,Fixed,,Delivery,1.0837
GLGT,246195,FT,FUEL,Percent,6/1/2025,6/30/2025,TR,,Location,DEWARD,Location,EMERSON,Fixed,,Delivery,0.64508
GLGT,246298,FT,FUEL,Percent,6/1/2025,6/30/2025,TR,,Location,CLOW,Location,EMERSON,Fixed,,Delivery,0.20256
GLGT,246273,FT,FUEL,Percent,6/1/2025,6/30/2025,TR,,Location,BELLE RIVER MILLS,Location,ST CLAIR,Fixed,,Delivery,0
GLGT,246266,FT,FUEL,Percent,6/1/2025,6/30/2025,TR,,Location,ST CLAIR,Location,RATTLE RUN,Fixed,,Delivery,0
GLGT,246222,FT,FUEL,Percent,6/1/2025,6/30/2025,TR,,Location,FARWELL,Location,LAMMERS,Fixed,,Delivery,0
GLGT,246373,FT,FUEL,Percent,6/1/2025,6/30/2025,TR,,Location,EMERSON,Location,CARLTON,Fixed,,Delivery,2.16348
GLGT,246431,FT,FUEL,Percent,6/1/2025,6/30/2025,TR,,Location,RATTLE RUN,Location,CLOW,Fixed,,Delivery,0
GLGT,246374,FT,FUEL,Percent,6/1/2025,6/30/2025,TR,,Location,FARWELL,Location,CARLTON,Fixed,,Delivery,2.80007
GLGT,246223,FT,FUEL,Percent,6/1/2025,6/30/2025,TR,,Location,FARWELL,Location,MANISTIQUE,Fixed,,Delivery,0
GLGT,246393,FT,FUEL,Percent,6/1/2025,6/30/2025,TR,,Location,ST CLAIR,Location,FARWELL,Fixed,,Delivery,0
GLGT,246267,FT,FUEL,Percent,6/1/2025,6/30/2025,TR,,Location,ST CLAIR,Location,TRUMBLE ROAD,Fixed,,Delivery,0
GLGT,246258,FT,FUEL,Percent,6/1/2025,6/30/2025,TR,,Location,ST CLAIR,Location,DEWARD,Fixed,,Delivery,0
GLGT,246264,FT,FUEL,Percent,6/1/2025,6/30/2025,TR,,Location,ST CLAIR,Location,MIDLAND,Fixed,,Delivery,0
GLGT,246365,FT,FUEL,Percent,6/1/2025,6/30/2025,TR,,Location,CLOW,Location,CARLTON,Fixed,,Delivery,0
GLGT,246363,FT,FUEL,Percent,6/1/2025,6/30/2025,TR,,Location,WAKEFIELD,Location,DEWARD,Fixed,,Delivery,0
GLGT,246364,FT,FUEL,Percent,6/1/2025,6/30/2025,TR,,Location,WAKEFIELD,Location,DEWARD,Fixed,,Delivery,0.20256
GLGT,246293,FT,FUEL,Percent,6/1/2025,6/30/2025,TR,,Location,CARLTON,Location,MIDLAND,Fixed,,Delivery,0
GLGT,246200,FT,FUEL,Percent,6/1/2025,6/30/2025,TR,,Location,EMERSON,Location,CHIPPEWA,Fixed,,Delivery,2.80007
GLGT,246292,FT,FUEL,Percent,6/1/2025,6/30/2025,TR,,Location,CARLTON,Location,LAMMERS,Fixed,,Delivery,0
GLGT,246201,FT,FUEL,Percent,6/1/2025,6/30/2025,TR,,Location,EMERSON,Location,CLOW,Fixed,,Delivery,0.20256
GLGT,246265,FT,FUEL,Percent,6/1/2025,6/30/2025,TR,,Location,ST CLAIR,Location,RAPID RIVER,Fixed,,Delivery,0
GLGT,246263,FT,FUEL,Percent,6/1/2025,6/30/2025,TR,,Location,ST CLAIR,Location,MANISTIQUE,Fixed,,Delivery,0
GLGT,246199,FT,FUEL,Percent,6/1/2025,6/30/2025,TR,,Location,EMERSON,Location,CARLTON,Fixed,,Delivery,1.73441
GLGT,246387,FT,FUEL,Percent,6/1/2025,6/30/2025,TR,,Location,ST CLAIR,Location,EMERSON,Fixed,,Delivery,0
GLGT,246367,FT,FUEL,Percent,6/1/2025,6/30/2025,TR,,Location,EMERSON,Location,CARLTON,Fixed,,Delivery,2.16348
GLGT,246371,FT,FUEL,Percent,6/1/2025,6/30/2025,TR,,Location,ST CLAIR,Location,CARLTON,Fixed,,Delivery,0
GLGT,246370,FT,FUEL,Percent,6/1/2025,6/30/2025,TR,,Location,RATTLE RUN,Location,CARLTON,Fixed,,Delivery,1.51846
GLGT,246236,FT,FUEL,Percent,6/1/2025,6/30/2025,TR,,Location,FORTUNE LAKE,Location,ENGADINE,Fixed,,Delivery,0
GLGT,246183,FT,FUEL,Percent,6/1/2025,6/30/2025,TR,,Location,CARLTON,Location,LAMMERS,Fixed,,Delivery,0
GLGT,246366,FT,FUEL,Percent,6/1/2025,6/30/2025,TR,,Location,DEWARD,Location,CARLTON,Fixed,,Delivery,0
GLGT,246291,FT,FUEL,Percent,6/1/2025,6/30/2025,TR,,Location,CARLTON,Location,FORTUNE LAKE,Fixed,,Delivery,0
GLGT,246237,FT,FUEL,Percent,6/1/2025,6/30/2025,TR,,Location,FORTUNE LAKE,Location,FARWELL,Fixed,,Delivery,0
GLGT,246262,FT,FUEL,Percent,6/1/2025,6/30/2025,TR,,Location,ST CLAIR,Location,LAMMERS,Fixed,,Delivery,0
GLGT,246259,FT,FUEL,Percent,6/1/2025,6/30/2025,TR,,Location,ST CLAIR,Location,EMERSON,Fixed,,Delivery,0
GLGT,246261,FT,FUEL,Percent,6/1/2025,6/30/2025,TR,,Location,ST CLAIR,Location,FORTUNE LAKE,Fixed,,Delivery,0
GLGT,246260,FT,FUEL,Percent,6/1/2025,6/30/2025,TR,,Location,ST CLAIR,Location,FARWELL,Fixed,,Delivery,0
GLGT,246369,FT,FUEL,Percent,6/1/2025,6/30/2025,TR,,Location,FORTUNE LAKE,Location,CARLTON,Fixed,,Delivery,0.42431
GLGT,246238,FT,FUEL,Percent,6/1/2025,6/30/2025,TR,,Location,FORTUNE LAKE,Location,LAMMERS,Fixed,,Delivery,0
GLGT,246389,FT,FUEL,Percent,6/1/2025,6/30/2025,TR,,Location,CARLTON,Location,FARWELL,Fixed,,Delivery,1.73441
GLGT,246372,FT,FUEL,Percent,6/1/2025,6/30/2025,TR,,Location,CLOW,Location,CARLTON,Fixed,,Delivery,0
GLGT,246354,FT,FUEL,Percent,6/1/2025,6/30/2025,TR,,Location,ST CLAIR,Location,WAKEFIELD,Fixed,,Delivery,0
GLGT,246202,FT,FUEL,Percent,6/1/2025,6/30/2025,TR,,Location,EMERSON,Location,DEWARD,Fixed,,Delivery,2.80007
GLGT,246209,FT,FUEL,Percent,6/1/2025,6/30/2025,TR,,Location,EMERSON,Location,RAPID RIVER,Fixed,,Delivery,0
GLGT,246208,FT,FUEL,Percent,6/1/2025,6/30/2025,TR,,Location,EMERSON,Location,MIDLAND,Fixed,,Delivery,0
GLGT,246233,FT,FUEL,Percent,6/1/2025,6/30/2025,TR,,Location,FORTUNE LAKE,Location,CLOW,Fixed,,Delivery,0
GLGT,246197,FT,FUEL,Percent,6/1/2025,6/30/2025,TR,,Location,DEWARD,Location,LAMMERS,Fixed,,Delivery,1.73441
GLGT,246234,FT,FUEL,Percent,6/1/2025,6/30/2025,TR,,Location,FORTUNE LAKE,Location,DEWARD,Fixed,,Delivery,0
GLGT,246196,FT,FUEL,Percent,6/1/2025,6/30/2025,TR,,Location,DEWARD,Location,FORTUNE LAKE,Fixed,,Delivery,0.42431
GLGT,246271,FT,FUEL,Percent,6/1/2025,6/30/2025,TR,,Location,BELLE RIVER MILLS,Location,ST CLAIR,Fixed,,Delivery,0.20256
GLGT,246299,FT,FUEL,Percent,6/1/2025,6/30/2025,TR,,Location,CLOW,Location,FORTUNE LAKE,Fixed,,Delivery,2.37661
GLGT,246232,FT,FUEL,Percent,6/1/2025,6/30/2025,TR,,Location,FORTUNE LAKE,Location,CHIPPEWA,Fixed,,Delivery,0
GLGT,246272,FT,FUEL,Percent,6/1/2025,6/30/2025,TR,,Location,BELLE RIVER MILLS,Location,TRUMBLE ROAD,Fixed,,Delivery,2.16348
GLGT,246300,FT,FUEL,Percent,6/1/2025,6/30/2025,TR,,Location,CLOW,Location,LAMMERS,Fixed,,Delivery,1.94941
GLGT,246231,FT,FUEL,Percent,6/1/2025,6/30/2025,TR,,Location,FORTUNE LAKE,Location,CARLTON,Fixed,,Delivery,0
GLGT,246386,FT,FUEL,Percent,6/1/2025,6/30/2025,TR,,Location,FARWELL,Location,EMERSON,Fixed,,Delivery,0
GLGT,246377,FT,FUEL,Percent,6/1/2025,6/30/2025,TR,,Location,CARLTON,Location,EMERSON,Fixed,,Delivery,0
GLGT,246217,FT,FUEL,Percent,6/1/2025,6/30/2025,TR,,Location,FARWELL,Location,CLOW,Fixed,,Delivery,0.64508
GLGT,246290,FT,FUEL,Percent,6/1/2025,6/30/2025,TR,,Location,CARLTON,Location,FARWELL,Fixed,,Delivery,0
GLGT,246157,FT,FUEL,Percent,6/1/2025,6/30/2025,CD,,Location,EMERSON,Location,SAULT STE MARIE,Fixed,,Receipt,2.16348
GLGT,246297,FT,FUEL,Percent,6/1/2025,6/30/2025,TR,,Location,CLOW,Location,CARLTON,Fixed,,Delivery,2.58882
GLGT,246206,FT,FUEL,Percent,6/1/2025,6/30/2025,TR,,Location,EMERSON,Location,LAMMERS,Fixed,,Delivery,0.20256
GLGT,246235,FT,FUEL,Percent,6/1/2025,6/30/2025,TR,,Location,FORTUNE LAKE,Location,EMERSON,Fixed,,Delivery,0
GLGT,246203,FT,FUEL,Percent,6/1/2025,6/30/2025,TR,,Location,EMERSON,Location,ENGADINE,Fixed,,Delivery,2.80007
GLGT,246221,FT,FUEL,Percent,6/1/2025,6/30/2025,TR,,Location,FARWELL,Location,FORTUNE LAKE,Fixed,,Delivery,0
GLGT,246433,FT,FUEL,Percent,6/1/2025,6/30/2025,TR,,Location,CARLTON,Location,CLOW,Fixed,,Delivery,0
GLGT,246434,FT,FUEL,Percent,6/1/2025,6/30/2025,TR,,Location,EMERSON,Location,CLOW,Fixed,,Delivery,0.20256
GLGT,246216,FT,FUEL,Percent,6/1/2025,6/30/2025,TR,,Location,FARWELL,Location,CHIPPEWA,Fixed,,Delivery,0.42431
GLGT,246435,FT,FUEL,Percent,6/1/2025,6/30/2025,TR,,Location,FARWELL,Location,CLOW,Fixed,,Delivery,0
GLGT,246353,FT,FUEL,Percent,6/1/2025,6/30/2025,TR,,Location,ST CLAIR,Location,TRUMBLE ROAD,Fixed,,Delivery,1.30156
GLGT,246204,FT,FUEL,Percent,6/1/2025,6/30/2025,TR,,Location,EMERSON,Location,FARWELL,Fixed,,Delivery,1.30156
GLGT,246351,FT,FUEL,Percent,6/1/2025,6/30/2025,TR,,Location,ST CLAIR,Location,RATTLE RUN,Fixed,,Delivery,0
GLGT,246368,FT,FUEL,Percent,6/1/2025,6/30/2025,TR,,Location,FARWELL,Location,CARLTON,Fixed,,Delivery,2.80007
GLGT,246270,FT,FUEL,Percent,6/1/2025,6/30/2025,TR,,Location,BELLE RIVER MILLS,Location,ST CLAIR,Fixed,,Delivery,2.16348
GLGT,246205,FT,FUEL,Percent,6/1/2025,6/30/2025,TR,,Location,EMERSON,Location,FORTUNE LAKE,Fixed,,Delivery,0.64508
GLGT,246269,FT,FUEL,Percent,6/1/2025,6/30/2025,TR,,Location,WAKEFIELD,Location,DEWARD,Fixed,,Delivery,0
GLGT,246436,FT,FUEL,Percent,6/1/2025,6/30/2025,TR,,Location,ST CLAIR,Location,CLOW,Fixed,,Delivery,0
GLGT,246268,FT,FUEL,Percent,6/1/2025,6/30/2025,TR,,Location,ST CLAIR,Location,WAKEFIELD,Fixed,,Delivery,0
GLGT,246390,FT,FUEL,Percent,6/1/2025,6/30/2025,TR,,Location,EMERSON,Location,FARWELL,Fixed,,Delivery,2.37661
GLGT,246375,FT,FUEL,Percent,6/1/2025,6/30/2025,TR,,Location,ST CLAIR,Location,CARLTON,Fixed,,Delivery,0.42431
GLGT,246432,FT,FUEL,Percent,6/1/2025,6/30/2025,TR,,Location,ST CLAIR,Location,CLOW,Fixed,,Delivery,0
GLGT,246207,FT,FUEL,Percent,6/1/2025,6/30/2025,TR,,Location,EMERSON,Location,MANISTIQUE,Fixed,,Delivery,0
GLGT,246414,FT,FUEL,Percent,6/1/2025,6/30/2025,TR,,Location,ST CLAIR,Location,WAKEFIELD,Fixed,,Delivery,0
GLGT,246303,FT,FUEL,Percent,6/1/2025,6/30/2025,TR,,Location,EMERSON,Location,BELLE RIVER MILLS,Fixed,,Delivery,2.37661
GLGT,246380,FT,FUEL,Percent,6/1/2025,6/30/2025,TR,,Location,FARWELL,Location,EMERSON,Fixed,,Delivery,0
GLGT,246328,FT,FUEL,Percent,6/1/2025,6/30/2025,TR,,Location,FARWELL,Location,FORTUNE LAKE,Fixed,,Delivery,2.16348
GLGT,246246,FT,FUEL,Percent,6/1/2025,6/30/2025,TR,,Location,RATTLE RUN,Location,CLOW,Fixed,,Delivery,1.0837
GLGT,246332,FT,FUEL,Percent,6/1/2025,6/30/2025,TR,,Location,FARWELL,Location,MIDLAND,Fixed,,Delivery,0.20256
GLGT,246331,FT,FUEL,Percent,6/1/2025,6/30/2025,TR,,Location,FARWELL,Location,MANISTIQUE,Fixed,,Delivery,1.51846
GLGT,246330,FT,FUEL,Percent,6/1/2025,6/30/2025,TR,,Location,FARWELL,Location,LAMMERS,Fixed,,Delivery,0.64508
GLGT,246329,FT,FUEL,Percent,6/1/2025,6/30/2025,TR,,Location,FARWELL,Location,GRAND RAPIDS,Fixed,,Delivery,2.80007
GLGT,246327,FT,FUEL,Percent,6/1/2025,6/30/2025,TR,,Location,FARWELL,Location,ENGADINE,Fixed,,Delivery,0.20256
GLGT,246295,FT,FUEL,Percent,6/1/2025,6/30/2025,TR,,Location,CARLTON,Location,ST CLAIR,Fixed,,Delivery,0
GLGT,246333,FT,FUEL,Percent,6/1/2025,6/30/2025,TR,,Location,FARWELL,Location,RAPID RIVER,Fixed,,Delivery,2.16348
GLGT,246326,FT,FUEL,Percent,6/1/2025,6/30/2025,TR,,Location,FARWELL,Location,EMERSON,Fixed,,Delivery,0.20256
GLGT,246325,FT,FUEL,Percent,6/1/2025,6/30/2025,TR,,Location,FARWELL,Location,DEWARD,Fixed,,Delivery,1.51846
GLGT,246324,FT,FUEL,Percent,6/1/2025,6/30/2025,TR,,Location,FARWELL,Location,CLOW,Fixed,,Delivery,0.64508
GLGT,246323,FT,FUEL,Percent,6/1/2025,6/30/2025,TR,,Location,FARWELL,Location,CHIPPEWA,Fixed,,Delivery,2.80007
GLGT,246322,FT,FUEL,Percent,6/1/2025,6/30/2025,TR,,Location,FARWELL,Location,CARLTON,Fixed,,Delivery,2.16348
GLGT,246247,FT,FUEL,Percent,6/1/2025,6/30/2025,TR,,Location,RATTLE RUN,Location,EMERSON,Fixed,,Delivery,1.0837
GLGT,246243,FT,FUEL,Percent,6/1/2025,6/30/2025,TR,,Location,FORTUNE LAKE,Location,TRUMBLE ROAD,Fixed,,Delivery,0
GLGT,246335,FT,FUEL,Percent,6/1/2025,6/30/2025,TR,,Location,FARWELL,Location,ST CLAIR,Fixed,,Delivery,0.64508
GLGT,246296,FT,FUEL,Percent,6/1/2025,6/30/2025,TR,,Location,CARLTON,Location,TRUMBLE ROAD,Fixed,,Delivery,1.73441
GLGT,246339,FT,FUEL,Percent,6/1/2025,6/30/2025,TR,,Location,ST CLAIR,Location,CARLTON,Fixed,,Delivery,0
GLGT,246344,FT,FUEL,Percent,6/1/2025,6/30/2025,TR,,Location,ST CLAIR,Location,FARWELL,Fixed,,Delivery,0
GLGT,246343,FT,FUEL,Percent,6/1/2025,6/30/2025,TR,,Location,ST CLAIR,Location,EMERSON,Fixed,,Delivery,0
GLGT,246342,FT,FUEL,Percent,6/1/2025,6/30/2025,TR,,Location,ST CLAIR,Location,DEWARD,Fixed,,Delivery,1.30156
GLGT,246341,FT,FUEL,Percent,6/1/2025,6/30/2025,TR,,Location,ST CLAIR,Location,CLOW,Fixed,,Delivery,1.30156
GLGT,246340,FT,FUEL,Percent,6/1/2025,6/30/2025,TR,,Location,ST CLAIR,Location,CHIPPEWA,Fixed,,Delivery,0
GLGT,246337,FT,FUEL,Percent,6/1/2025,6/30/2025,TR,,Location,FARWELL,Location,WAKEFIELD,Fixed,,Delivery,1.30156
GLGT,246338,FT,FUEL,Percent,6/1/2025,6/30/2025,TR,,Location,ST CLAIR,Location,BELLE RIVER MILLS,Fixed,,Delivery,1.30156
GLGT,246229,FT,FUEL,Percent,6/1/2025,6/30/2025,TR,,Location,FARWELL,Location,WAKEFIELD,Fixed,,Delivery,0
GLGT,246336,FT,FUEL,Percent,6/1/2025,6/30/2025,TR,,Location,FARWELL,Location,TRUMBLE ROAD,Fixed,,Delivery,0.20256
GLGT,246306,FT,FUEL,Percent,6/1/2025,6/30/2025,TR,,Location,EMERSON,Location,CLOW,Fixed,,Delivery,0
GLGT,246314,FT,FUEL,Percent,6/1/2025,6/30/2025,TR,,Location,EMERSON,Location,MIDLAND,Fixed,,Delivery,0
GLGT,246315,FT,FUEL,Percent,6/1/2025,6/30/2025,TR,,Location,EMERSON,Location,RAPID RIVER,Fixed,,Delivery,0
GLGT,246316,FT,FUEL,Percent,6/1/2025,6/30/2025,TR,,Location,EMERSON,Location,RATTLE RUN,Fixed,,Delivery,0.20256
GLGT,246321,FT,FUEL,Percent,6/1/2025,6/30/2025,TR,,Location,FARWELL,Location,BELLE RIVER MILLS,Fixed,,Delivery,0
GLGT,246417,FT,FUEL,Percent,6/1/2025,6/30/2025,TR,,Location,FARWELL,Location,WAKEFIELD,Fixed,,Delivery,0
GLGT,246416,FT,FUEL,Percent,6/1/2025,6/30/2025,TR,,Location,EMERSON,Location,WAKEFIELD,Fixed,,Delivery,1.30156
GLGT,246405,FT,FUEL,Percent,6/1/2025,6/30/2025,TR,,Location,FORTUNE LAKE,Location,ST CLAIR,Fixed,,Delivery,1.51846
GLGT,246158,FT,FUEL,Percent,6/1/2025,6/30/2025,CD,,Location,EMERSON,Location,SAULT STE MARIE,Fixed,,Receipt,2.16348
GLGT,246319,FT,FUEL,Percent,6/1/2025,6/30/2025,TR,,Location,EMERSON,Location,TRUMBLE ROAD,Fixed,,Delivery,0
GLGT,246226,FT,FUEL,Percent,6/1/2025,6/30/2025,TR,,Location,FARWELL,Location,RATTLE RUN,Fixed,,Delivery,0
GLGT,246305,FT,FUEL,Percent,6/1/2025,6/30/2025,TR,,Location,EMERSON,Location,CHIPPEWA,Fixed,,Delivery,0
GLGT,246320,FT,FUEL,Percent,6/1/2025,6/30/2025,TR,,Location,EMERSON,Location,WAKEFIELD,Fixed,,Delivery,0.20256
GLGT,246225,FT,FUEL,Percent,6/1/2025,6/30/2025,TR,,Location,FARWELL,Location,RAPID RIVER,Fixed,,Delivery,0
GLGT,246721,FT,FUEL,Percent,6/1/2025,6/30/2025,CD,,Location,EMERSON,Location,ST CLAIR,Fixed,,Receipt,2.80007
GLGT,246177,FT,FUEL,Percent,6/1/2025,6/30/2025,TR,,Location,CARLTON,Location,CHIPPEWA,Fixed,,Delivery,1.73441
GLGT,246228,FT,FUEL,Percent,6/1/2025,6/30/2025,TR,,Location,FARWELL,Location,TRUMBLE ROAD,Fixed,,Delivery,0
GLGT,246178,FT,FUEL,Percent,6/1/2025,6/30/2025,TR,,Location,CARLTON,Location,CLOW,Fixed,,Delivery,0
GLGT,246179,FT,FUEL,Percent,6/1/2025,6/30/2025,TR,,Location,CARLTON,Location,DEWARD,Fixed,,Delivery,1.51846
GLGT,246180,FT,FUEL,Percent,6/1/2025,6/30/2025,TR,,Location,CARLTON,Location,EMERSON,Fixed,,Delivery,0
GLGT,246244,FT,FUEL,Percent,6/1/2025,6/30/2025,TR,,Location,RATTLE RUN,Location,CARLTON,Fixed,,Delivery,0.20256
GLGT,246245,FT,FUEL,Percent,6/1/2025,6/30/2025,TR,,Location,RATTLE RUN,Location,CHIPPEWA,Fixed,,Delivery,0.20256
GLGT,246227,FT,FUEL,Percent,6/1/2025,6/30/2025,TR,,Location,FARWELL,Location,ST CLAIR,Fixed,,Delivery,0
GLGT,246429,FT,FUEL,Percent,6/1/2025,6/30/2025,TR,,Location,FARWELL,Location,CLOW,Fixed,,Delivery,0
GLGT,246430,FT,FUEL,Percent,6/1/2025,6/30/2025,TR,,Location,FORTUNE LAKE,Location,CLOW,Fixed,,Delivery,0
GLGT,246418,FT,FUEL,Percent,6/1/2025,6/30/2025,TR,,Location,ST CLAIR,Location,WAKEFIELD,Fixed,,Delivery,0
GLGT,246407,FT,FUEL,Percent,6/1/2025,6/30/2025,TR,,Location,CARLTON,Location,ST CLAIR,Fixed,,Delivery,2.16348
GLGT,246419,FT,FUEL,Percent,6/1/2025,6/30/2025,TR,,Location,CLOW,Location,WAKEFIELD,Fixed,,Delivery,1.30156
GLGT,246420,FT,FUEL,Percent,6/1/2025,6/30/2025,TR,,Location,EMERSON,Location,WAKEFIELD,Fixed,,Delivery,1.30156
GLGT,246421,FT,FUEL,Percent,6/1/2025,6/30/2025,TR,,Location,FARWELL,Location,WAKEFIELD,Fixed,,Delivery,0
GLGT,246406,FT,FUEL,Percent,6/1/2025,6/30/2025,TR,,Location,RATTLE RUN,Location,ST CLAIR,Fixed,,Delivery,0.20256
GLGT,246422,FT,FUEL,Percent,6/1/2025,6/30/2025,TR,,Location,ST CLAIR,Location,WAKEFIELD,Fixed,,Delivery,0
GLGT,246408,FT,FUEL,Percent,6/1/2025,6/30/2025,TR,,Location,EMERSON,Location,ST CLAIR,Fixed,,Delivery,2.80007
GLGT,246318,FT,FUEL,Percent,6/1/2025,6/30/2025,TR,,Location,EMERSON,Location,ST CLAIR,Fixed,,Delivery,0.20256
GLGT,246428,FT,FUEL,Percent,6/1/2025,6/30/2025,TR,,Location,EMERSON,Location,CLOW,Fixed,,Delivery,0.20256
GLGT,246423,FT,FUEL,Percent,6/1/2025,6/30/2025,TR,,Location,CLOW,Location,WAKEFIELD,Fixed,,Delivery,1.30156
GLGT,246424,FT,FUEL,Percent,6/1/2025,6/30/2025,TR,,Location,EMERSON,Location,WAKEFIELD,Fixed,,Delivery,1.30156
GLGT,246425,FT,FUEL,Percent,6/1/2025,6/30/2025,TR,,Location,FARWELL,Location,WAKEFIELD,Fixed,,Delivery,0
GLGT,246426,FT,FUEL,Percent,6/1/2025,6/30/2025,TR,,Location,ST CLAIR,Location,WAKEFIELD,Fixed,,Delivery,0
GLGT,246427,FT,FUEL,Percent,6/1/2025,6/30/2025,TR,,Location,CARLTON,Location,CLOW,Fixed,,Delivery,0
GLGT,246307,FT,FUEL,Percent,6/1/2025,6/30/2025,TR,,Location,EMERSON,Location,DEWARD,Fixed,,Delivery,1.73441
GLGT,246334,FT,FUEL,Percent,6/1/2025,6/30/2025,TR,,Location,FARWELL,Location,RATTLE RUN,Fixed,,Delivery,2.80007
GLGT,246312,FT,FUEL,Percent,6/1/2025,6/30/2025,TR,,Location,EMERSON,Location,LAMMERS,Fixed,,Delivery,1.73441
GLGT,246311,FT,FUEL,Percent,6/1/2025,6/30/2025,TR,,Location,EMERSON,Location,GRAND RAPIDS,Fixed,,Delivery,0
GLGT,246345,FT,FUEL,Percent,6/1/2025,6/30/2025,TR,,Location,ST CLAIR,Location,FORTUNE LAKE,Fixed,,Delivery,1.30156
GLGT,246250,FT,FUEL,Percent,6/1/2025,6/30/2025,TR,,Location,RATTLE RUN,Location,LAMMERS,Fixed,,Delivery,0.86487
GLGT,246413,FT,FUEL,Percent,6/1/2025,6/30/2025,TR,,Location,FARWELL,Location,WAKEFIELD,Fixed,,Delivery,0
GLGT,246249,FT,FUEL,Percent,6/1/2025,6/30/2025,TR,,Location,RATTLE RUN,Location,FORTUNE LAKE,Fixed,,Delivery,0
GLGT,246310,FT,FUEL,Percent,6/1/2025,6/30/2025,TR,,Location,EMERSON,Location,FORTUNE LAKE,Fixed,,Delivery,0
GLGT,246220,FT,FUEL,Percent,6/1/2025,6/30/2025,TR,,Location,FARWELL,Location,ENGADINE,Fixed,,Delivery,0
GLGT,246349,FT,FUEL,Percent,6/1/2025,6/30/2025,TR,,Location,ST CLAIR,Location,MIDLAND,Fixed,,Delivery,1.30156
GLGT,246308,FT,FUEL,Percent,6/1/2025,6/30/2025,TR,,Location,EMERSON,Location,ENGADINE,Fixed,,Delivery,2.37661
GLGT,246415,FT,FUEL,Percent,6/1/2025,6/30/2025,TR,,Location,CLOW,Location,WAKEFIELD,Fixed,,Delivery,1.30156
GLGT,246242,FT,FUEL,Percent,6/1/2025,6/30/2025,TR,,Location,FORTUNE LAKE,Location,ST CLAIR,Fixed,,Delivery,0
GLGT,246313,FT,FUEL,Percent,6/1/2025,6/30/2025,TR,,Location,EMERSON,Location,MANISTIQUE,Fixed,,Delivery,2.37661
GLGT,246248,FT,FUEL,Percent,6/1/2025,6/30/2025,TR,,Location,RATTLE RUN,Location,FARWELL,Fixed,,Delivery,0.86487
GLGT,246409,FT,FUEL,Percent,6/1/2025,6/30/2025,TR,,Location,FARWELL,Location,ST CLAIR,Fixed,,Delivery,0.64508
GLGT,246346,FT,FUEL,Percent,6/1/2025,6/30/2025,TR,,Location,ST CLAIR,Location,GRAND RAPIDS,Fixed,,Delivery,0
GLGT,246309,FT,FUEL,Percent,6/1/2025,6/30/2025,TR,,Location,EMERSON,Location,FARWELL,Fixed,,Delivery,1.0837
GLGT,246347,FT,FUEL,Percent,6/1/2025,6/30/2025,TR,,Location,ST CLAIR,Location,LAMMERS,Fixed,,Delivery,0
GLGT,246412,FT,FUEL,Percent,6/1/2025,6/30/2025,TR,,Location,EMERSON,Location,WAKEFIELD,Fixed,,Delivery,1.30156
GLGT,246251,FT,FUEL,Percent,6/1/2025,6/30/2025,TR,,Location,RATTLE RUN,Location,RAPID RIVER,Fixed,,Delivery,0
GLGT,246219,FT,FUEL,Percent,6/1/2025,6/30/2025,TR,,Location,FARWELL,Location,EMERSON,Fixed,,Delivery,0
GLGT,246411,FT,FUEL,Percent,6/1/2025,6/30/2025,TR,,Location,CLOW,Location,WAKEFIELD,Fixed,,Delivery,1.30156
GLGT,246240,FT,FUEL,Percent,6/1/2025,6/30/2025,TR,,Location,FORTUNE LAKE,Location,MIDLAND,Fixed,,Delivery,0
GLGT,246304,FT,FUEL,Percent,6/1/2025,6/30/2025,TR,,Location,EMERSON,Location,CARLTON,Fixed,,Delivery,1.0837
GLGT,246241,FT,FUEL,Percent,6/1/2025,6/30/2025,TR,,Location,FORTUNE LAKE,Location,RATTLE RUN,Fixed,,Delivery,0
GLGT,246182,FT,FUEL,Percent,6/1/2025,6/30/2025,TR,,Location,CARLTON,Location,FORTUNE LAKE,Fixed,,Delivery,0.64508
GLGT,246181,FT,FUEL,Percent,6/1/2025,6/30/2025,TR,,Location,CARLTON,Location,FARWELL,Fixed,,Delivery,1.73441
GLGT,246348,FT,FUEL,Percent,6/1/2025,6/30/2025,TR,,Location,ST CLAIR,Location,MANISTIQUE,Fixed,,Delivery,1.30156
